type;satisfaction;contact
tower block;1;1
tower block;1;1
tower block;1;1
tower block;1;1
tower block;1;1
tower block;1;1
tower block;1;1
tower block;1;1
tower block;1;1
tower block;1;1
tower block;1;1
tower block;1;1
tower block;1;1
tower block;1;1
tower block;1;1
tower block;1;1
tower block;1;1
tower block;1;1
tower block;1;1
tower block;1;1
tower block;1;1
tower block;1;1
tower block;1;1
tower block;1;1
tower block;1;1
tower block;1;1
tower block;1;1
tower block;1;1
tower block;1;1
tower block;1;1
tower block;1;1
tower block;1;1
tower block;1;1
tower block;1;1
tower block;1;1
tower block;1;1
tower block;1;1
tower block;1;1
tower block;1;1
tower block;1;1
tower block;1;1
tower block;1;1
tower block;1;1
tower block;1;1
tower block;1;1
tower block;1;1
tower block;1;1
tower block;1;1
tower block;1;1
tower block;1;1
tower block;1;1
tower block;1;1
tower block;1;1
tower block;1;1
tower block;1;1
tower block;1;1
tower block;1;1
tower block;1;1
tower block;1;1
tower block;1;1
tower block;1;1
tower block;1;1
tower block;1;1
tower block;1;1
tower block;1;1
tower block;1;2
tower block;1;2
tower block;1;2
tower block;1;2
tower block;1;2
tower block;1;2
tower block;1;2
tower block;1;2
tower block;1;2
tower block;1;2
tower block;1;2
tower block;1;2
tower block;1;2
tower block;1;2
tower block;1;2
tower block;1;2
tower block;1;2
tower block;1;2
tower block;1;2
tower block;1;2
tower block;1;2
tower block;1;2
tower block;1;2
tower block;1;2
tower block;1;2
tower block;1;2
tower block;1;2
tower block;1;2
tower block;1;2
tower block;1;2
tower block;1;2
tower block;1;2
tower block;1;2
tower block;1;2
tower block;2;1
tower block;2;1
tower block;2;1
tower block;2;1
tower block;2;1
tower block;2;1
tower block;2;1
tower block;2;1
tower block;2;1
tower block;2;1
tower block;2;1
tower block;2;1
tower block;2;1
tower block;2;1
tower block;2;1
tower block;2;1
tower block;2;1
tower block;2;1
tower block;2;1
tower block;2;1
tower block;2;1
tower block;2;1
tower block;2;1
tower block;2;1
tower block;2;1
tower block;2;1
tower block;2;1
tower block;2;1
tower block;2;1
tower block;2;1
tower block;2;1
tower block;2;1
tower block;2;1
tower block;2;1
tower block;2;1
tower block;2;1
tower block;2;1
tower block;2;1
tower block;2;1
tower block;2;1
tower block;2;1
tower block;2;1
tower block;2;1
tower block;2;1
tower block;2;1
tower block;2;1
tower block;2;1
tower block;2;1
tower block;2;1
tower block;2;1
tower block;2;1
tower block;2;1
tower block;2;1
tower block;2;1
tower block;2;2
tower block;2;2
tower block;2;2
tower block;2;2
tower block;2;2
tower block;2;2
tower block;2;2
tower block;2;2
tower block;2;2
tower block;2;2
tower block;2;2
tower block;2;2
tower block;2;2
tower block;2;2
tower block;2;2
tower block;2;2
tower block;2;2
tower block;2;2
tower block;2;2
tower block;2;2
tower block;2;2
tower block;2;2
tower block;2;2
tower block;2;2
tower block;2;2
tower block;2;2
tower block;2;2
tower block;2;2
tower block;2;2
tower block;2;2
tower block;2;2
tower block;2;2
tower block;2;2
tower block;2;2
tower block;2;2
tower block;2;2
tower block;2;2
tower block;2;2
tower block;2;2
tower block;2;2
tower block;2;2
tower block;2;2
tower block;2;2
tower block;2;2
tower block;2;2
tower block;2;2
tower block;2;2
tower block;3;1
tower block;3;1
tower block;3;1
tower block;3;1
tower block;3;1
tower block;3;1
tower block;3;1
tower block;3;1
tower block;3;1
tower block;3;1
tower block;3;1
tower block;3;1
tower block;3;1
tower block;3;1
tower block;3;1
tower block;3;1
tower block;3;1
tower block;3;1
tower block;3;1
tower block;3;1
tower block;3;1
tower block;3;1
tower block;3;1
tower block;3;1
tower block;3;1
tower block;3;1
tower block;3;1
tower block;3;1
tower block;3;1
tower block;3;1
tower block;3;1
tower block;3;1
tower block;3;1
tower block;3;1
tower block;3;1
tower block;3;1
tower block;3;1
tower block;3;1
tower block;3;1
tower block;3;1
tower block;3;1
tower block;3;1
tower block;3;1
tower block;3;1
tower block;3;1
tower block;3;1
tower block;3;1
tower block;3;1
tower block;3;1
tower block;3;1
tower block;3;1
tower block;3;1
tower block;3;1
tower block;3;1
tower block;3;1
tower block;3;1
tower block;3;1
tower block;3;1
tower block;3;1
tower block;3;1
tower block;3;1
tower block;3;1
tower block;3;1
tower block;3;1
tower block;3;1
tower block;3;1
tower block;3;1
tower block;3;1
tower block;3;1
tower block;3;1
tower block;3;1
tower block;3;1
tower block;3;1
tower block;3;1
tower block;3;1
tower block;3;1
tower block;3;1
tower block;3;1
tower block;3;1
tower block;3;1
tower block;3;1
tower block;3;1
tower block;3;1
tower block;3;1
tower block;3;1
tower block;3;1
tower block;3;1
tower block;3;1
tower block;3;1
tower block;3;1
tower block;3;1
tower block;3;1
tower block;3;1
tower block;3;1
tower block;3;1
tower block;3;1
tower block;3;1
tower block;3;1
tower block;3;1
tower block;3;1
tower block;3;2
tower block;3;2
tower block;3;2
tower block;3;2
tower block;3;2
tower block;3;2
tower block;3;2
tower block;3;2
tower block;3;2
tower block;3;2
tower block;3;2
tower block;3;2
tower block;3;2
tower block;3;2
tower block;3;2
tower block;3;2
tower block;3;2
tower block;3;2
tower block;3;2
tower block;3;2
tower block;3;2
tower block;3;2
tower block;3;2
tower block;3;2
tower block;3;2
tower block;3;2
tower block;3;2
tower block;3;2
tower block;3;2
tower block;3;2
tower block;3;2
tower block;3;2
tower block;3;2
tower block;3;2
tower block;3;2
tower block;3;2
tower block;3;2
tower block;3;2
tower block;3;2
tower block;3;2
tower block;3;2
tower block;3;2
tower block;3;2
tower block;3;2
tower block;3;2
tower block;3;2
tower block;3;2
tower block;3;2
tower block;3;2
tower block;3;2
tower block;3;2
tower block;3;2
tower block;3;2
tower block;3;2
tower block;3;2
tower block;3;2
tower block;3;2
tower block;3;2
tower block;3;2
tower block;3;2
tower block;3;2
tower block;3;2
tower block;3;2
tower block;3;2
tower block;3;2
tower block;3;2
tower block;3;2
tower block;3;2
tower block;3;2
tower block;3;2
tower block;3;2
tower block;3;2
tower block;3;2
tower block;3;2
tower block;3;2
tower block;3;2
tower block;3;2
tower block;3;2
tower block;3;2
tower block;3;2
tower block;3;2
tower block;3;2
tower block;3;2
tower block;3;2
tower block;3;2
tower block;3;2
tower block;3;2
tower block;3;2
tower block;3;2
tower block;3;2
tower block;3;2
tower block;3;2
tower block;3;2
tower block;3;2
tower block;3;2
tower block;3;2
tower block;3;2
tower block;3;2
tower block;3;2
tower block;3;2
apartment;1;1
apartment;1;1
apartment;1;1
apartment;1;1
apartment;1;1
apartment;1;1
apartment;1;1
apartment;1;1
apartment;1;1
apartment;1;1
apartment;1;1
apartment;1;1
apartment;1;1
apartment;1;1
apartment;1;1
apartment;1;1
apartment;1;1
apartment;1;1
apartment;1;1
apartment;1;1
apartment;1;1
apartment;1;1
apartment;1;1
apartment;1;1
apartment;1;1
apartment;1;1
apartment;1;1
apartment;1;1
apartment;1;1
apartment;1;1
apartment;1;1
apartment;1;1
apartment;1;1
apartment;1;1
apartment;1;1
apartment;1;1
apartment;1;1
apartment;1;1
apartment;1;1
apartment;1;1
apartment;1;1
apartment;1;1
apartment;1;1
apartment;1;1
apartment;1;1
apartment;1;1
apartment;1;1
apartment;1;1
apartment;1;1
apartment;1;1
apartment;1;1
apartment;1;1
apartment;1;1
apartment;1;1
apartment;1;1
apartment;1;1
apartment;1;1
apartment;1;1
apartment;1;1
apartment;1;1
apartment;1;1
apartment;1;1
apartment;1;1
apartment;1;1
apartment;1;1
apartment;1;1
apartment;1;1
apartment;1;1
apartment;1;1
apartment;1;1
apartment;1;1
apartment;1;1
apartment;1;1
apartment;1;1
apartment;1;1
apartment;1;1
apartment;1;1
apartment;1;1
apartment;1;1
apartment;1;1
apartment;1;1
apartment;1;1
apartment;1;1
apartment;1;1
apartment;1;1
apartment;1;1
apartment;1;1
apartment;1;1
apartment;1;1
apartment;1;1
apartment;1;1
apartment;1;1
apartment;1;1
apartment;1;1
apartment;1;1
apartment;1;1
apartment;1;1
apartment;1;1
apartment;1;1
apartment;1;1
apartment;1;1
apartment;1;1
apartment;1;1
apartment;1;1
apartment;1;1
apartment;1;1
apartment;1;1
apartment;1;1
apartment;1;1
apartment;1;1
apartment;1;1
apartment;1;1
apartment;1;1
apartment;1;1
apartment;1;1
apartment;1;1
apartment;1;1
apartment;1;1
apartment;1;1
apartment;1;1
apartment;1;1
apartment;1;1
apartment;1;1
apartment;1;1
apartment;1;1
apartment;1;1
apartment;1;1
apartment;1;1
apartment;1;1
apartment;1;1
apartment;1;2
apartment;1;2
apartment;1;2
apartment;1;2
apartment;1;2
apartment;1;2
apartment;1;2
apartment;1;2
apartment;1;2
apartment;1;2
apartment;1;2
apartment;1;2
apartment;1;2
apartment;1;2
apartment;1;2
apartment;1;2
apartment;1;2
apartment;1;2
apartment;1;2
apartment;1;2
apartment;1;2
apartment;1;2
apartment;1;2
apartment;1;2
apartment;1;2
apartment;1;2
apartment;1;2
apartment;1;2
apartment;1;2
apartment;1;2
apartment;1;2
apartment;1;2
apartment;1;2
apartment;1;2
apartment;1;2
apartment;1;2
apartment;1;2
apartment;1;2
apartment;1;2
apartment;1;2
apartment;1;2
apartment;1;2
apartment;1;2
apartment;1;2
apartment;1;2
apartment;1;2
apartment;1;2
apartment;1;2
apartment;1;2
apartment;1;2
apartment;1;2
apartment;1;2
apartment;1;2
apartment;1;2
apartment;1;2
apartment;1;2
apartment;1;2
apartment;1;2
apartment;1;2
apartment;1;2
apartment;1;2
apartment;1;2
apartment;1;2
apartment;1;2
apartment;1;2
apartment;1;2
apartment;1;2
apartment;1;2
apartment;1;2
apartment;1;2
apartment;1;2
apartment;1;2
apartment;1;2
apartment;1;2
apartment;1;2
apartment;1;2
apartment;1;2
apartment;1;2
apartment;1;2
apartment;1;2
apartment;1;2
apartment;1;2
apartment;1;2
apartment;1;2
apartment;1;2
apartment;1;2
apartment;1;2
apartment;1;2
apartment;1;2
apartment;1;2
apartment;1;2
apartment;1;2
apartment;1;2
apartment;1;2
apartment;1;2
apartment;1;2
apartment;1;2
apartment;1;2
apartment;1;2
apartment;1;2
apartment;1;2
apartment;1;2
apartment;1;2
apartment;1;2
apartment;1;2
apartment;1;2
apartment;1;2
apartment;1;2
apartment;1;2
apartment;1;2
apartment;1;2
apartment;1;2
apartment;1;2
apartment;1;2
apartment;1;2
apartment;1;2
apartment;1;2
apartment;1;2
apartment;1;2
apartment;1;2
apartment;1;2
apartment;1;2
apartment;1;2
apartment;1;2
apartment;1;2
apartment;1;2
apartment;1;2
apartment;1;2
apartment;1;2
apartment;1;2
apartment;1;2
apartment;1;2
apartment;1;2
apartment;1;2
apartment;1;2
apartment;1;2
apartment;1;2
apartment;1;2
apartment;1;2
apartment;1;2
apartment;1;2
apartment;2;1
apartment;2;1
apartment;2;1
apartment;2;1
apartment;2;1
apartment;2;1
apartment;2;1
apartment;2;1
apartment;2;1
apartment;2;1
apartment;2;1
apartment;2;1
apartment;2;1
apartment;2;1
apartment;2;1
apartment;2;1
apartment;2;1
apartment;2;1
apartment;2;1
apartment;2;1
apartment;2;1
apartment;2;1
apartment;2;1
apartment;2;1
apartment;2;1
apartment;2;1
apartment;2;1
apartment;2;1
apartment;2;1
apartment;2;1
apartment;2;1
apartment;2;1
apartment;2;1
apartment;2;1
apartment;2;1
apartment;2;1
apartment;2;1
apartment;2;1
apartment;2;1
apartment;2;1
apartment;2;1
apartment;2;1
apartment;2;1
apartment;2;1
apartment;2;1
apartment;2;1
apartment;2;1
apartment;2;1
apartment;2;1
apartment;2;1
apartment;2;1
apartment;2;1
apartment;2;1
apartment;2;1
apartment;2;1
apartment;2;1
apartment;2;1
apartment;2;1
apartment;2;1
apartment;2;1
apartment;2;1
apartment;2;1
apartment;2;1
apartment;2;1
apartment;2;1
apartment;2;1
apartment;2;1
apartment;2;1
apartment;2;1
apartment;2;1
apartment;2;1
apartment;2;1
apartment;2;1
apartment;2;1
apartment;2;1
apartment;2;1
apartment;2;2
apartment;2;2
apartment;2;2
apartment;2;2
apartment;2;2
apartment;2;2
apartment;2;2
apartment;2;2
apartment;2;2
apartment;2;2
apartment;2;2
apartment;2;2
apartment;2;2
apartment;2;2
apartment;2;2
apartment;2;2
apartment;2;2
apartment;2;2
apartment;2;2
apartment;2;2
apartment;2;2
apartment;2;2
apartment;2;2
apartment;2;2
apartment;2;2
apartment;2;2
apartment;2;2
apartment;2;2
apartment;2;2
apartment;2;2
apartment;2;2
apartment;2;2
apartment;2;2
apartment;2;2
apartment;2;2
apartment;2;2
apartment;2;2
apartment;2;2
apartment;2;2
apartment;2;2
apartment;2;2
apartment;2;2
apartment;2;2
apartment;2;2
apartment;2;2
apartment;2;2
apartment;2;2
apartment;2;2
apartment;2;2
apartment;2;2
apartment;2;2
apartment;2;2
apartment;2;2
apartment;2;2
apartment;2;2
apartment;2;2
apartment;2;2
apartment;2;2
apartment;2;2
apartment;2;2
apartment;2;2
apartment;2;2
apartment;2;2
apartment;2;2
apartment;2;2
apartment;2;2
apartment;2;2
apartment;2;2
apartment;2;2
apartment;2;2
apartment;2;2
apartment;2;2
apartment;2;2
apartment;2;2
apartment;2;2
apartment;2;2
apartment;2;2
apartment;2;2
apartment;2;2
apartment;2;2
apartment;2;2
apartment;2;2
apartment;2;2
apartment;2;2
apartment;2;2
apartment;2;2
apartment;2;2
apartment;2;2
apartment;2;2
apartment;2;2
apartment;2;2
apartment;2;2
apartment;2;2
apartment;2;2
apartment;2;2
apartment;2;2
apartment;2;2
apartment;2;2
apartment;2;2
apartment;2;2
apartment;2;2
apartment;2;2
apartment;2;2
apartment;2;2
apartment;2;2
apartment;2;2
apartment;2;2
apartment;2;2
apartment;2;2
apartment;2;2
apartment;2;2
apartment;2;2
apartment;2;2
apartment;2;2
apartment;2;2
apartment;2;2
apartment;3;1
apartment;3;1
apartment;3;1
apartment;3;1
apartment;3;1
apartment;3;1
apartment;3;1
apartment;3;1
apartment;3;1
apartment;3;1
apartment;3;1
apartment;3;1
apartment;3;1
apartment;3;1
apartment;3;1
apartment;3;1
apartment;3;1
apartment;3;1
apartment;3;1
apartment;3;1
apartment;3;1
apartment;3;1
apartment;3;1
apartment;3;1
apartment;3;1
apartment;3;1
apartment;3;1
apartment;3;1
apartment;3;1
apartment;3;1
apartment;3;1
apartment;3;1
apartment;3;1
apartment;3;1
apartment;3;1
apartment;3;1
apartment;3;1
apartment;3;1
apartment;3;1
apartment;3;1
apartment;3;1
apartment;3;1
apartment;3;1
apartment;3;1
apartment;3;1
apartment;3;1
apartment;3;1
apartment;3;1
apartment;3;1
apartment;3;1
apartment;3;1
apartment;3;1
apartment;3;1
apartment;3;1
apartment;3;1
apartment;3;1
apartment;3;1
apartment;3;1
apartment;3;1
apartment;3;1
apartment;3;1
apartment;3;1
apartment;3;1
apartment;3;1
apartment;3;1
apartment;3;1
apartment;3;1
apartment;3;1
apartment;3;1
apartment;3;1
apartment;3;1
apartment;3;1
apartment;3;1
apartment;3;1
apartment;3;1
apartment;3;1
apartment;3;1
apartment;3;1
apartment;3;1
apartment;3;1
apartment;3;1
apartment;3;1
apartment;3;1
apartment;3;1
apartment;3;1
apartment;3;1
apartment;3;1
apartment;3;1
apartment;3;1
apartment;3;1
apartment;3;1
apartment;3;1
apartment;3;1
apartment;3;1
apartment;3;1
apartment;3;1
apartment;3;1
apartment;3;1
apartment;3;1
apartment;3;1
apartment;3;1
apartment;3;1
apartment;3;1
apartment;3;1
apartment;3;1
apartment;3;1
apartment;3;1
apartment;3;1
apartment;3;1
apartment;3;1
apartment;3;1
apartment;3;2
apartment;3;2
apartment;3;2
apartment;3;2
apartment;3;2
apartment;3;2
apartment;3;2
apartment;3;2
apartment;3;2
apartment;3;2
apartment;3;2
apartment;3;2
apartment;3;2
apartment;3;2
apartment;3;2
apartment;3;2
apartment;3;2
apartment;3;2
apartment;3;2
apartment;3;2
apartment;3;2
apartment;3;2
apartment;3;2
apartment;3;2
apartment;3;2
apartment;3;2
apartment;3;2
apartment;3;2
apartment;3;2
apartment;3;2
apartment;3;2
apartment;3;2
apartment;3;2
apartment;3;2
apartment;3;2
apartment;3;2
apartment;3;2
apartment;3;2
apartment;3;2
apartment;3;2
apartment;3;2
apartment;3;2
apartment;3;2
apartment;3;2
apartment;3;2
apartment;3;2
apartment;3;2
apartment;3;2
apartment;3;2
apartment;3;2
apartment;3;2
apartment;3;2
apartment;3;2
apartment;3;2
apartment;3;2
apartment;3;2
apartment;3;2
apartment;3;2
apartment;3;2
apartment;3;2
apartment;3;2
apartment;3;2
apartment;3;2
apartment;3;2
apartment;3;2
apartment;3;2
apartment;3;2
apartment;3;2
apartment;3;2
apartment;3;2
apartment;3;2
apartment;3;2
apartment;3;2
apartment;3;2
apartment;3;2
apartment;3;2
apartment;3;2
apartment;3;2
apartment;3;2
apartment;3;2
apartment;3;2
apartment;3;2
apartment;3;2
apartment;3;2
apartment;3;2
apartment;3;2
apartment;3;2
apartment;3;2
apartment;3;2
apartment;3;2
apartment;3;2
apartment;3;2
apartment;3;2
apartment;3;2
apartment;3;2
apartment;3;2
apartment;3;2
apartment;3;2
apartment;3;2
apartment;3;2
apartment;3;2
apartment;3;2
apartment;3;2
apartment;3;2
apartment;3;2
apartment;3;2
apartment;3;2
apartment;3;2
apartment;3;2
apartment;3;2
apartment;3;2
apartment;3;2
apartment;3;2
apartment;3;2
apartment;3;2
apartment;3;2
apartment;3;2
apartment;3;2
apartment;3;2
apartment;3;2
apartment;3;2
apartment;3;2
apartment;3;2
apartment;3;2
apartment;3;2
apartment;3;2
apartment;3;2
apartment;3;2
apartment;3;2
apartment;3;2
apartment;3;2
apartment;3;2
apartment;3;2
apartment;3;2
apartment;3;2
apartment;3;2
apartment;3;2
apartment;3;2
apartment;3;2
apartment;3;2
apartment;3;2
apartment;3;2
apartment;3;2
apartment;3;2
apartment;3;2
apartment;3;2
apartment;3;2
apartment;3;2
apartment;3;2
apartment;3;2
apartment;3;2
apartment;3;2
apartment;3;2
apartment;3;2
apartment;3;2
apartment;3;2
apartment;3;2
apartment;3;2
apartment;3;2
apartment;3;2
apartment;3;2
apartment;3;2
apartment;3;2
apartment;3;2
apartment;3;2
apartment;3;2
apartment;3;2
apartment;3;2
apartment;3;2
apartment;3;2
apartment;3;2
apartment;3;2
apartment;3;2
apartment;3;2
apartment;3;2
apartment;3;2
apartment;3;2
apartment;3;2
apartment;3;2
apartment;3;2
apartment;3;2
apartment;3;2
apartment;3;2
apartment;3;2
apartment;3;2
apartment;3;2
apartment;3;2
apartment;3;2
apartment;3;2
apartment;3;2
apartment;3;2
house;1;1
house;1;1
house;1;1
house;1;1
house;1;1
house;1;1
house;1;1
house;1;1
house;1;1
house;1;1
house;1;1
house;1;1
house;1;1
house;1;1
house;1;1
house;1;1
house;1;1
house;1;1
house;1;1
house;1;1
house;1;1
house;1;1
house;1;1
house;1;1
house;1;1
house;1;1
house;1;1
house;1;1
house;1;1
house;1;1
house;1;1
house;1;1
house;1;1
house;1;1
house;1;1
house;1;1
house;1;1
house;1;1
house;1;1
house;1;1
house;1;1
house;1;1
house;1;1
house;1;1
house;1;1
house;1;1
house;1;1
house;1;1
house;1;1
house;1;1
house;1;1
house;1;1
house;1;1
house;1;1
house;1;1
house;1;1
house;1;1
house;1;1
house;1;1
house;1;1
house;1;1
house;1;1
house;1;1
house;1;1
house;1;1
house;1;1
house;1;1
house;1;2
house;1;2
house;1;2
house;1;2
house;1;2
house;1;2
house;1;2
house;1;2
house;1;2
house;1;2
house;1;2
house;1;2
house;1;2
house;1;2
house;1;2
house;1;2
house;1;2
house;1;2
house;1;2
house;1;2
house;1;2
house;1;2
house;1;2
house;1;2
house;1;2
house;1;2
house;1;2
house;1;2
house;1;2
house;1;2
house;1;2
house;1;2
house;1;2
house;1;2
house;1;2
house;1;2
house;1;2
house;1;2
house;1;2
house;1;2
house;1;2
house;1;2
house;1;2
house;1;2
house;1;2
house;1;2
house;1;2
house;1;2
house;1;2
house;1;2
house;1;2
house;1;2
house;1;2
house;1;2
house;1;2
house;1;2
house;1;2
house;1;2
house;1;2
house;1;2
house;1;2
house;1;2
house;1;2
house;1;2
house;1;2
house;1;2
house;1;2
house;1;2
house;1;2
house;1;2
house;1;2
house;1;2
house;1;2
house;1;2
house;1;2
house;1;2
house;1;2
house;1;2
house;1;2
house;1;2
house;1;2
house;1;2
house;1;2
house;1;2
house;1;2
house;1;2
house;1;2
house;1;2
house;1;2
house;1;2
house;1;2
house;1;2
house;1;2
house;1;2
house;1;2
house;1;2
house;1;2
house;1;2
house;1;2
house;1;2
house;1;2
house;1;2
house;1;2
house;1;2
house;1;2
house;1;2
house;1;2
house;1;2
house;1;2
house;1;2
house;1;2
house;1;2
house;1;2
house;1;2
house;1;2
house;1;2
house;1;2
house;1;2
house;1;2
house;1;2
house;1;2
house;1;2
house;1;2
house;1;2
house;1;2
house;1;2
house;1;2
house;1;2
house;1;2
house;1;2
house;2;1
house;2;1
house;2;1
house;2;1
house;2;1
house;2;1
house;2;1
house;2;1
house;2;1
house;2;1
house;2;1
house;2;1
house;2;1
house;2;1
house;2;1
house;2;1
house;2;1
house;2;1
house;2;1
house;2;1
house;2;1
house;2;1
house;2;1
house;2;1
house;2;1
house;2;1
house;2;1
house;2;1
house;2;1
house;2;1
house;2;1
house;2;1
house;2;1
house;2;1
house;2;1
house;2;1
house;2;1
house;2;1
house;2;1
house;2;1
house;2;1
house;2;1
house;2;1
house;2;1
house;2;1
house;2;1
house;2;1
house;2;1
house;2;2
house;2;2
house;2;2
house;2;2
house;2;2
house;2;2
house;2;2
house;2;2
house;2;2
house;2;2
house;2;2
house;2;2
house;2;2
house;2;2
house;2;2
house;2;2
house;2;2
house;2;2
house;2;2
house;2;2
house;2;2
house;2;2
house;2;2
house;2;2
house;2;2
house;2;2
house;2;2
house;2;2
house;2;2
house;2;2
house;2;2
house;2;2
house;2;2
house;2;2
house;2;2
house;2;2
house;2;2
house;2;2
house;2;2
house;2;2
house;2;2
house;2;2
house;2;2
house;2;2
house;2;2
house;2;2
house;2;2
house;2;2
house;2;2
house;2;2
house;2;2
house;2;2
house;2;2
house;2;2
house;2;2
house;2;2
house;2;2
house;2;2
house;2;2
house;2;2
house;2;2
house;2;2
house;2;2
house;2;2
house;2;2
house;2;2
house;2;2
house;2;2
house;2;2
house;2;2
house;2;2
house;2;2
house;2;2
house;2;2
house;2;2
house;2;2
house;2;2
house;2;2
house;2;2
house;2;2
house;2;2
house;2;2
house;2;2
house;2;2
house;2;2
house;2;2
house;2;2
house;2;2
house;2;2
house;2;2
house;2;2
house;2;2
house;2;2
house;2;2
house;2;2
house;2;2
house;2;2
house;2;2
house;2;2
house;2;2
house;2;2
house;2;2
house;2;2
house;2;2
house;2;2
house;3;1
house;3;1
house;3;1
house;3;1
house;3;1
house;3;1
house;3;1
house;3;1
house;3;1
house;3;1
house;3;1
house;3;1
house;3;1
house;3;1
house;3;1
house;3;1
house;3;1
house;3;1
house;3;1
house;3;1
house;3;1
house;3;1
house;3;1
house;3;1
house;3;1
house;3;1
house;3;1
house;3;1
house;3;1
house;3;1
house;3;1
house;3;1
house;3;1
house;3;1
house;3;1
house;3;1
house;3;1
house;3;1
house;3;1
house;3;1
house;3;1
house;3;1
house;3;1
house;3;1
house;3;1
house;3;1
house;3;1
house;3;1
house;3;1
house;3;1
house;3;1
house;3;1
house;3;1
house;3;1
house;3;1
house;3;1
house;3;1
house;3;1
house;3;1
house;3;1
house;3;1
house;3;1
house;3;2
house;3;2
house;3;2
house;3;2
house;3;2
house;3;2
house;3;2
house;3;2
house;3;2
house;3;2
house;3;2
house;3;2
house;3;2
house;3;2
house;3;2
house;3;2
house;3;2
house;3;2
house;3;2
house;3;2
house;3;2
house;3;2
house;3;2
house;3;2
house;3;2
house;3;2
house;3;2
house;3;2
house;3;2
house;3;2
house;3;2
house;3;2
house;3;2
house;3;2
house;3;2
house;3;2
house;3;2
house;3;2
house;3;2
house;3;2
house;3;2
house;3;2
house;3;2
house;3;2
house;3;2
house;3;2
house;3;2
house;3;2
house;3;2
house;3;2
house;3;2
house;3;2
house;3;2
house;3;2
house;3;2
house;3;2
house;3;2
house;3;2
house;3;2
house;3;2
house;3;2
house;3;2
house;3;2
house;3;2
house;3;2
house;3;2
house;3;2
house;3;2
house;3;2
house;3;2
house;3;2
house;3;2
house;3;2
house;3;2
house;3;2
house;3;2
house;3;2
house;3;2
house;3;2
house;3;2
house;3;2
house;3;2
house;3;2
house;3;2
house;3;2
house;3;2
house;3;2
house;3;2
house;3;2
house;3;2
house;3;2
house;3;2
house;3;2
house;3;2
house;3;2
house;3;2
house;3;2
house;3;2
house;3;2
house;3;2
house;3;2
house;3;2
house;3;2
house;3;2
